Workbook

Sheet Arahan
A1: TEMPLATE PENYELARASAN PERUNTUKAN PROGRAM LANGGANAN AKHBAR 2026
A3: Aliran: Sekolah → PPD → JPN

Sheet Data Sekolah
A1: Bil | B1: Kod Sekolah | C1: Nama Sekolah | D1: PPD | E1: Kategori Sekolah | F1: Liputan PKB | G1: Peruntukan Diterima (RM) | H1: Perbelanjaan Digunakan (RM) | I1: Bayaran Tertunggak (RM) | J1: Baki Peruntukan (RM) | K1: Dipulangkan kepada JPN (RM) | L1: Tambahan Dipohon (RM) | M1: Status | N1: Tarikh Hantar | O1: Catatan
J2: =IF(OR(G2="",H2=""),"",G2-H2)
J3: =IF(OR(G3="",H3=""),"",G3-H3)
J4: =IF(OR(G4="",H4=""),"",G4-H4)
J5: =IF(OR(G5="",H5=""),"",G5-H5)
J6: =IF(OR(G6="",H6=""),"",G6-H6)
J7: =IF(OR(G7="",H7=""),"",G7-H7)
J8: =IF(OR(G8="",H8=""),"",G8-H8)
J9: =IF(OR(G9="",H9=""),"",G9-H9)
J10: =IF(OR(G10="",H10=""),"",G10-H10)
J11: =IF(OR(G11="",H11=""),"",G11-H11)
J12: =IF(OR(G12="",H12=""),"",G12-H12)
J13: =IF(OR(G13="",H13=""),"",G13-H13)
... J501: =IF(OR(G501="",H501=""),"",G501-H501)

Sheet Checklist Sekolah
A1: Bil | B1: Kod | C1: Nama Sekolah | D1: Bayaran Tertunggak Selesai | E1: Baki Dipulangkan | F1: Tiada Baki KWK | G1: Mohon Tambahan | H1: Dokumen Lengkap | I1: Status

Sheet Semakan PPD
A1: Bil | B1: PPD | C1: Kod Sekolah | D1: Nama Sekolah | E1: Semakan Lengkap | F1: Disahkan | G1: Perlu Pembetulan | H1: Pegawai | I1: Tarikh

Sheet Tindakan JPN
A1: Bil | B1: PPD | C1: Kod Sekolah | D1: Nama Sekolah | E1: Jumlah Dipulangkan | F1: Tambahan Dipohon | G1: Pengagihan Semula | H1: Status JPN | I1: Catatan

Sheet Dashboard
A1: Dashboard Rumusan
D2: Rumusan Mengikut PPD
A3: Jumlah Sekolah | B3: =COUNTA('Data Sekolah'!C2:C501) -> 0 | D3: PPD | E3: Bil Sekolah
A4: Jumlah Peruntukan | B4: =SUM('Data Sekolah'!G2:G501) -> 0 | D4: Batang Padang | E4: =COUNTIF('Data Sekolah'!D2:D501,D4) -> 0
A5: Jumlah Digunakan | B5: =SUM('Data Sekolah'!H2:H501) -> 0 | D5: Hilir Perak | E5: =COUNTIF('Data Sekolah'!D2:D501,D5) -> 0
A6: Jumlah Baki | B6: =SUM('Data Sekolah'!J2:J501) -> 0 | D6: Hulu Perak | E6: =COUNTIF('Data Sekolah'!D2:D501,D6) -> 0
A7: Jumlah Dipulangkan | B7: =SUM('Data Sekolah'!K2:K501) -> 0 | D7: Kinta Selatan | E7: =COUNTIF('Data Sekolah'!D2:D501,D7) -> 0
A8: Jumlah Tambahan Dipohon | B8: =SUM('Data Sekolah'!L2:L501) -> 0 | D8: Kinta Utara | E8: =COUNTIF('Data Sekolah'!D2:D501,D8) -> 0
A9: Selesai | B9: =COUNTIF('Data Sekolah'!M2:M501,"Selesai") -> 0 | D9: Kerian | E9: =COUNTIF('Data Sekolah'!D2:D501,D9) -> 0
A10: Dalam Tindakan | B10: =COUNTIF('Data Sekolah'!M2:M501,"Dalam Tindakan") -> 0 | D10: Kuala Kangsar | E10: =COUNTIF('Data Sekolah'!D2:D501,D10) -> 0
A11: Belum | B11: =COUNTIF('Data Sekolah'!M2:M501,"Belum") -> 0 | D11: Larut Matang dan Selama | E11: =COUNTIF('Data Sekolah'!D2:D501,D11) -> 0
D12: Manjung | E12: =COUNTIF('Data Sekolah'!D2:D501,D12) -> 0
D13: Muallim | E13: =COUNTIF('Data Sekolah'!D2:D501,D13) -> 0
D14: Perak Tengah | E14: =COUNTIF('Data Sekolah'!D2:D501,D14) -> 0
D15: Bagan Datuk | E15: =COUNTIF('Data Sekolah'!D2:D501,D15) -> 0

Sheet Senarai
A1: Ya | C1: Belum | E1: SR Luar PKB | G1: Ya
A2: Tidak | C2: Dalam Tindakan | E2: SR Dalam PKB | G2: Tidak
C3: Selesai | E3: SM Luar PKB
C4: Tidak Berkaitan | E4: SM Dalam PKB
